Id,Gender,Age,Degree,GPA,Work_extracurricular,Hours_spent,Experience_software_for_data_handling,Group,Pretest_performed,Score_pretest,Avg_score_pretest,Postest_performed,Score_postest,Avg_score_postest,Attended_5_or_more,Number_attendance
1,Male,20,ComputerScience,84,0,N/A,0,Control,1,5,33.33333333,1,10,43.47826087,1,5
2,Male,21,ComputerScience,74.07,0,N/A,1,Experimental,1,4,26.66666667,1,7,30.43478261,1,6
3,Male,22,ComputerScience,81.50,0,N/A,1,Experimental,1,5,33.33333333,1,8,34.7826087,1,6
4,Male,20,ComputerScience,88,1,6 to 10 hours per week,1,Control,1,6,40,1,8,34.7826087,1,6
5,Male,25,ComputerScience,78,1,21 to 30 hours per week,1,Control,1,8,53.33333333,0,N/A,N/A,0,4
6,Male,21,Mathematics,80,1,More than 49 hours per week,1,Control,1,7,46.66666667,1,8,34.7826087,1,6
7,Male,20,ComputerScience,91,0,N/A,1,Control,1,5,33.33333333,1,6,26.08695652,1,5
8,Male,22,ComputerScience,88.5,1,41 to 48 hours per week,1,Experimental,0,N/A,N/A,0,N/A,N/A,0,0
9,Male,20,ComputerScience,97.07,1,1 to 5 hours per week,1,Control,1,10,66.66666667,1,10,43.47826087,1,5
10,Female,20,Mathematics,83.77,1,1 to 5 hours per week,0,Experimental,1,11,73.33333333,1,9,39.13043478,1,6
11,Male,22,Mathematics,97.5,1,16 to 20 hours per week,1,Experimental,1,12,80,1,20,86.95652174,1,7
12,Male,20,ComputerScience,85,1,6 to 10 hours per week,0,Control,1,9,60,0,N/A,N/A,0,2
13,Male,21,ComputerScience,93.93,0,N/A,1,Control,1,10,66.66666667,1,11,47.82608696,1,6
14,Female,19,Mathematics,95.60,0,N/A,1,Control,1,8,53.33333333,1,13,56.52173913,1,6
15,Male,21,ComputerScience,75,1,11 to 15 hours per week,0,Experimental,1,7,46.66666667,1,7,30.43478261,1,7
16,Male,20,Mathematics,90.05,0,N/A,1,Control,1,8,53.33333333,1,10,43.47826087,1,6
17,Female,20,Mathematics,89,1,11 to 15 hours per week,0,Control,1,9,60,1,12,52.17391304,1,7
18,Female,20,ComputerScience,85,1,31 to 40 hours per week,1,Experimental,0,N/A,N/A,0,N/A,N/A,0,0
19,Female,26,Mathematics,73.49,1,16 to 20 hours per week,0,Experimental,1,7,46.66666667,1,18,78.26086957,1,7
20,Male,21,ComputerScience,85,1,1 to 5 hours per week,1,Experimental,1,7,46.66666667,1,10,43.47826087,1,6
21,Male,21,ComputerScience,79.69,0,N/A,0,Control,1,6,40,0,N/A,N/A,1,6
22,Male,21,Mathematics,69,1,11 to 15 hours per week,0,Control,1,11,73.33333333,1,10,43.47826087,1,5
23,Male,20,ComputerScience,82,1,31 to 40 hours per week,1,Control,1,9,60,1,4,17.39130435,1,6
24,Male,21,ComputerScience,84,0,N/A,0,Control,1,8,53.33333333,0,N/A,N/A,1,5
25,Male,20,ComputerScience,91.48,1,11 to 15 hours per week,1,Experimental,1,11,73.33333333,1,6,26.08695652,1,5
26,Male,20,ComputerScience,73,0,N/A,1,Control,0,N/A,N/A,0,N/A,N/A,0,0
27,Male,25,ComputerScience,81.55,1,41 to 48 hours per week,1,Control,1,5,33.33333333,0,N/A,N/A,0,0
28,Female,20,ComputerScience,79,0,N/A,0,Control,1,4,26.66666667,1,7,30.43478261,0,4
29,Male,22,ComputerScience,83,1,1 to 5 hours per week,1,Control,1,8,53.33333333,1,12,52.17391304,0,4
30,Male,24,ComputerScience,73,1,11 to 15 hours per week,1,Experimental,1,11,73.33333333,1,12,52.17391304,1,5
31,Male,25,ComputerScience,70,1,21 to 30 hours per week,1,Control,1,4,26.66666667,1,11,47.82608696,1,7
32,Male,20,ComputerScience,88.73,1,1 to 5 hours per week,1,Experimental,1,5,33.33333333,1,19,82.60869565,1,5
33,Male,20,Mathematics,80,0,N/A,0,Experimental,1,10,66.66666667,1,9,39.13043478,1,7
34,Male,20,Mathematics,80.75,0,N/A,1,Experimental,1,10,66.66666667,1,14,60.86956522,1,7
35,Female,22,Mathematics,75,1,21 to 30 hours per week,0,Control,1,9,60,1,17,73.91304348,1,7
36,Female,20,ComputerScience,82,0,N/A,1,Experimental,1,7,46.66666667,1,7,30.43478261,1,6
37,Male,19,ComputerScience,86.27,0,N/A,1,Experimental,1,4,26.66666667,1,13,56.52173913,0,3
38,Male,21,ComputerScience,89,1,31 to 40 hours per week,0,Experimental,1,5,33.33333333,1,16,69.56521739,1,7
39,Male,20,ComputerScience,79.92,1,21 to 30 hours per week,1,Experimental,0,N/A,N/A,0,N/A,N/A,0,3
40,Male,20,ComputerScience,84.42,1,6 to 10 hours per week,1,Control,1,6,40,0,N/A,N/A,0,3
41,Male,22,ComputerScience,84,0,N/A,1,Experimental,1,8,53.33333333,1,7,30.43478261,1,6
42,Male,21,Mathematics,89,0,N/A,0,Experimental,1,10,66.66666667,1,20,86.95652174,1,6
43,Male,20,ComputerScience,60,1,21 to 30 hours per week,0,Experimental,1,7,46.66666667,1,11,47.82608696,1,5
44,Male,19,ComputerScience,95,0,N/A,0,Experimental,1,9,60,1,9,39.13043478,1,7
45,Female,22,Mathematics,88.23,1,More than 49 hours per week,0,Experimental,1,10,66.66666667,0,N/A,N/A,1,5
46,Male,22,ComputerScience,80,1,6 to 10 hours per week,0,Experimental,1,9,60,1,16,69.56521739,1,6
47,Male,20,Mathematics,98,0,N/A,1,Control,1,13,86.66666667,1,19,82.60869565,1,7
48,Male,20,Mathematics,80.43,0,N/A,0,Control,1,6,40,1,12,52.17391304,1,6
49,Male,22,Mathematics,87.30,0,N/A,1,Experimental,1,8,53.33333333,1,8,34.7826087,1,7