Column Name,Description,Type,Range/Constraints
Id,Unique identifier for the student,Integer,Unique value
Gender,Gender of the student,String,Male/Female
Age,Age of the student,Integer,18 - 99
Degree,Degree the student is pursuing,String,ComputerScience or Mathematics.
GPA,Current Grade Point Average of the student,Float,0.00 - 100.00
Work_extracurricular,Whether the student have a job or is involved in extracurricular work that takes more that 5 hours per week,Binary,"0 (No), 1 (Yes)"
Hours_spent,Hours spent per week working or in extracurricular activities,String,"1 to 5 hours per week, 6 to 10 hours per week, 11 to 15 hours per week, 16 to 20 hours per week, 21 to 30 hours per week, 31 to 40 hours per week, 41 to 48 hours per week, More than 49 hours per week"
Experience_software_for_data_handling ,Whether the student has experience with software for data handling,Binary,"0 (No), 1 (Yes)"
Group,The experimental group the student belongs to,String,"Control, Experimental"
Pretest_performed,Whether the student took the pretest,Binary,"0 (No), 1 (Yes)"
Score_pretest,Score obtained in the pretest,Integer,0 - 15
Avg_score_pretest,Average score in the pretest,Float,0.00 - 100.00
Postest_performed,Whether the student took the posttest,Binary,"0 (No), 1 (Yes)"
Score_postest,Score obtained in the posttest,Integer,0 - 23
Avg_score_postest,Average score in the posttest,Float,0.00 - 100.00
Attended_5_or_more,Whether the student attended 5 or more sessions,Binary,"0 (No), 1 (Yes)"
Number_attendance,Total number of sessions the student attended,Integer,0 - 7